Class,RegNo
CSE3A,3A2022001
CSE3A,3A2023002
CSE3A,3A2021003
CSE3A,3A2022004
CSE3A,3A2023005
CSE3A,3A2021006
CSE3A,3A2022007
CSE3A,3A2023008
CSE3A,3A2021009
CSE3A,3A2022010
CSE3A,3A2023011
CSE3A,3A2021012
CSE3A,3A2022013
CSE3A,3A2023014
CSE3A,3A2021015
CSE3A,3A2022016
CSE3A,3A2023017
CSE3A,3A2021018
CSE3A,3A2022019
CSE3A,3A2023020
CSE3A,3A2021021
CSE3A,3A2022022
CSE3A,3A2023023
CSE3A,3A2021024
CSE3A,3A2022025
CSE3A,3A2023026
CSE3A,3A2021027
CSE3A,3A2022028
CSE3A,3A2023029
CSE3A,3A2021030
CSE3A,3A2022031
CSE3A,3A2023032
CSE3A,3A2021033
CSE3A,3A2022034
CSE3A,3A2023035
CSE3A,3A2021036
CSE3A,3A2022037
CSE3A,3A2023038
CSE3A,3A2021039
CSE3A,3A2022040
CSE3A,3A2023041
CSE3A,3A2021042
CSE3A,3A2022043
CSE3A,3A2023044
CSE3A,3A2021045
CSE3A,3A2022046
CSE3A,3A2023047
CSE3A,3A2021048
CSE3A,3A2022049
CSE3A,3A2023050
CSE3A,3A2021051
CSE3A,3A2022052
CSE3A,3A2023053
CSE3A,3A2021054
CSE3A,3A2022055
CSE3A,3A2023056
CSE3A,3A2021057
CSE3A,3A2022058
CSE3A,3A2023059
CSE3A,3A2021060
CSE3A,3A2022061
CSE3A,3A2023062
CSE3A,3A2021063
CSE3A,3A2022064
CSE3A,3A2023065
CSE3A,3A2021066
CSE3A,3A2022067
CSE3A,3A2023068
CSE3A,3A2021069
CSE3A,3A2022070
CSE3A,3A2023071
CSE3A,3A2021072
CSE3A,3A2022073
CSE3A,3A2023074
CSE3A,3A2021075
CSE3A,3A2022076
CSE3A,3A2023077
CSE3A,3A2021078
CSE3A,3A2022079
CSE3A,3A2023080
CSE3A,3A2021081
CSE3A,3A2022082
CSE3A,3A2023083
CSE3A,3A2021084
CSE3A,3A2022085
CSE3A,3A2023086
CSE3A,3A2021087
CSE3A,3A2022088
CSE3A,3A2023089
CSE3A,3A2021090
CSE3A,3A2022091
CSE3A,3A2023092
CSE3A,3A2021093
CSE3A,3A2022094
CSE3A,3A2023095
CSE3A,3A2021096
CSE3A,3A2022097
CSE3A,3A2023098
CSE3A,3A2021099
CSE3B,3B2022001
CSE3B,3B2023002
CSE3B,3B2021003
CSE3B,3B2022004
CSE3B,3B2023005
CSE3B,3B2021006
CSE3B,3B2022007
CSE3B,3B2023008
CSE3B,3B2021009
CSE3B,3B2022010
CSE3B,3B2023011
CSE3B,3B2021012
CSE3B,3B2022013
CSE3B,3B2023014
CSE3B,3B2021015
CSE3B,3B2022016
CSE3B,3B2023017
CSE3B,3B2021018
CSE3B,3B2022019
CSE3B,3B2023020
CSE3B,3B2021021
CSE3B,3B2022022
CSE3B,3B2023023
CSE3B,3B2021024
CSE3B,3B2022025
CSE3B,3B2023026
CSE3B,3B2021027
CSE3B,3B2022028
CSE3B,3B2023029
CSE3B,3B2021030
CSE3B,3B2022031
CSE3B,3B2023032
CSE3B,3B2021033
CSE3B,3B2022034
CSE3B,3B2023035
CSE3B,3B2021036
CSE3B,3B2022037
CSE3B,3B2023038
CSE3B,3B2021039
CSE3B,3B2022040
CSE3B,3B2023041
CSE3B,3B2021042
CSE3B,3B2022043
CSE3B,3B2023044
CSE3B,3B2021045
CSE3B,3B2022046
CSE3B,3B2023047
CSE3B,3B2021048
CSE3B,3B2022049
CSE3B,3B2023050
CSE3B,3B2021051
CSE3B,3B2022052
CSE3B,3B2023053
CSE3B,3B2021054
CSE3B,3B2022055
CSE3B,3B2023056
CSE3B,3B2021057
CSE3B,3B2022058
CSE3B,3B2023059
CSE3B,3B2021060
CSE3B,3B2022061
CSE3B,3B2023062
CSE3B,3B2021063
CSE3B,3B2022064
CSE3B,3B2023065
CSE3B,3B2021066
CSE3B,3B2022067
CSE3B,3B2023068
CSE3B,3B2021069
CSE3B,3B2022070
CSE3B,3B2023071
CSE3B,3B2021072
CSE3B,3B2022073
CSE3B,3B2023074
CSE3B,3B2021075
CSE3B,3B2022076
CSE3B,3B2023077
CSE3B,3B2021078
CSE3B,3B2022079
CSE3B,3B2023080
CSE3B,3B2021081
CSE3B,3B2022082
CSE3B,3B2023083
CSE3B,3B2021084
CSE3B,3B2022085
CSE3B,3B2023086
CSE3B,3B2021087
CSE3B,3B2022088
CSE3B,3B2023089
CSE3B,3B2021090
CSE3B,3B2022091
CSE3B,3B2023092
CSE3B,3B2021093
CSE3B,3B2022094
CSE3B,3B2023095
CSE3B,3B2021096
CSE3B,3B2022097
CSE3B,3B2023098
CSE3B,3B2021099
CSE4A,4A2022001
CSE4A,4A2023002
CSE4A,4A2021003
CSE4A,4A2022004
CSE4A,4A2023005
CSE4A,4A2021006
CSE4A,4A2022007
CSE4A,4A2023008
CSE4A,4A2021009
CSE4A,4A2022010
CSE4A,4A2023011
CSE4A,4A2021012
CSE4A,4A2022013
CSE4A,4A2023014
CSE4A,4A2021015
CSE4A,4A2022016
CSE4A,4A2023017
CSE4A,4A2021018
CSE4A,4A2022019
CSE4A,4A2023020
CSE4A,4A2021021
CSE4A,4A2022022
CSE4A,4A2023023
CSE4A,4A2021024
CSE4A,4A2022025
CSE4A,4A2023026
CSE4A,4A2021027
CSE4A,4A2022028
CSE4A,4A2023029
CSE4A,4A2021030
CSE4A,4A2022031
CSE4A,4A2023032
CSE4A,4A2021033
CSE4A,4A2022034
CSE4A,4A2023035
CSE4A,4A2021036
CSE4A,4A2022037
CSE4A,4A2023038
CSE4A,4A2021039
CSE4A,4A2022040
CSE4A,4A2023041
CSE4A,4A2021042
CSE4A,4A2022043
CSE4A,4A2023044
CSE4A,4A2021045
CSE4A,4A2022046
CSE4A,4A2023047
CSE4A,4A2021048
CSE4A,4A2022049
CSE4A,4A2023050
CSE4A,4A2021051
CSE4A,4A2022052
CSE4A,4A2023053
CSE4A,4A2021054
CSE4A,4A2022055
CSE4A,4A2023056
CSE4A,4A2021057
CSE4A,4A2022058
CSE4A,4A2023059
CSE4A,4A2021060
CSE4A,4A2022061
CSE4A,4A2023062
CSE4A,4A2021063
CSE4A,4A2022064
CSE4A,4A2023065
CSE4A,4A2021066
CSE4A,4A2022067
CSE4A,4A2023068
CSE4A,4A2021069
CSE4A,4A2022070
CSE4A,4A2023071
CSE4A,4A2021072
CSE4A,4A2022073
CSE4A,4A2023074
CSE4A,4A2021075
CSE4A,4A2022076
CSE4A,4A2023077
CSE4A,4A2021078
CSE4A,4A2022079
CSE4A,4A2023080
CSE4A,4A2021081
CSE4A,4A2022082
CSE4A,4A2023083
CSE4A,4A2021084
CSE4A,4A2022085
CSE4A,4A2023086
CSE4A,4A2021087
CSE4A,4A2022088
CSE4A,4A2023089
CSE4A,4A2021090
CSE4A,4A2022091
CSE4A,4A2023092
CSE4A,4A2021093
CSE4A,4A2022094
CSE4A,4A2023095
CSE4A,4A2021096
CSE4A,4A2022097
CSE4A,4A2023098
CSE4A,4A2021099
CSE4B,4B2022001
CSE4B,4B2023002
CSE4B,4B2021003
CSE4B,4B2022004
CSE4B,4B2023005
CSE4B,4B2021006
CSE4B,4B2022007
CSE4B,4B2023008
CSE4B,4B2021009
CSE4B,4B2022010
CSE4B,4B2023011
CSE4B,4B2021012
CSE4B,4B2022013
CSE4B,4B2023014
CSE4B,4B2021015
CSE4B,4B2022016
CSE4B,4B2023017
CSE4B,4B2021018
CSE4B,4B2022019
CSE4B,4B2023020
CSE4B,4B2021021
CSE4B,4B2022022
CSE4B,4B2023023
CSE4B,4B2021024
CSE4B,4B2022025
CSE4B,4B2023026
CSE4B,4B2021027
CSE4B,4B2022028
CSE4B,4B2023029
CSE4B,4B2021030
CSE4B,4B2022031
CSE4B,4B2023032
CSE4B,4B2021033
CSE4B,4B2022034
CSE4B,4B2023035
CSE4B,4B2021036
CSE4B,4B2022037
CSE4B,4B2023038
CSE4B,4B2021039
CSE4B,4B2022040
CSE4B,4B2023041
CSE4B,4B2021042
CSE4B,4B2022043
CSE4B,4B2023044
CSE4B,4B2021045
CSE4B,4B2022046
CSE4B,4B2023047
CSE4B,4B2021048
CSE4B,4B2022049
CSE4B,4B2023050
CSE4B,4B2021051
CSE4B,4B2022052
CSE4B,4B2023053
CSE4B,4B2021054
CSE4B,4B2022055
CSE4B,4B2023056
CSE4B,4B2021057
CSE4B,4B2022058
CSE4B,4B2023059
CSE4B,4B2021060
CSE4B,4B2022061
CSE4B,4B2023062
CSE4B,4B2021063
CSE4B,4B2022064
CSE4B,4B2023065
CSE4B,4B2021066
CSE4B,4B2022067
CSE4B,4B2023068
CSE4B,4B2021069
CSE4B,4B2022070
CSE4B,4B2023071
CSE4B,4B2021072
CSE4B,4B2022073
CSE4B,4B2023074
CSE4B,4B2021075
CSE4B,4B2022076
CSE4B,4B2023077
CSE4B,4B2021078
CSE4B,4B2022079
CSE4B,4B2023080
CSE4B,4B2021081
CSE4B,4B2022082
CSE4B,4B2023083
CSE4B,4B2021084
CSE4B,4B2022085
CSE4B,4B2023086
CSE4B,4B2021087
CSE4B,4B2022088
CSE4B,4B2023089
CSE4B,4B2021090
CSE4B,4B2022091
CSE4B,4B2023092
CSE4B,4B2021093
CSE4B,4B2022094
CSE4B,4B2023095
CSE4B,4B2021096
CSE4B,4B2022097
CSE4B,4B2023098
CSE4B,4B2021099
ECE3A,3A2022001
ECE3A,3A2023002
ECE3A,3A2021003
ECE3A,3A2022004
ECE3A,3A2023005
ECE3A,3A2021006
ECE3A,3A2022007
ECE3A,3A2023008
ECE3A,3A2021009
ECE3A,3A2022010
ECE3A,3A2023011
ECE3A,3A2021012
ECE3A,3A2022013
ECE3A,3A2023014
ECE3A,3A2021015
ECE3A,3A2022016
ECE3A,3A2023017
ECE3A,3A2021018
ECE3A,3A2022019
ECE3A,3A2023020
ECE3A,3A2021021
ECE3A,3A2022022
ECE3A,3A2023023
ECE3A,3A2021024
ECE3A,3A2022025
ECE3A,3A2023026
ECE3A,3A2021027
ECE3A,3A2022028
ECE3A,3A2023029
ECE3A,3A2021030
ECE3A,3A2022031
ECE3A,3A2023032
ECE3A,3A2021033
ECE3A,3A2022034
ECE3A,3A2023035
ECE3A,3A2021036
ECE3A,3A2022037
ECE3A,3A2023038
ECE3A,3A2021039
ECE3A,3A2022040
ECE3A,3A2023041
ECE3A,3A2021042
ECE3A,3A2022043
ECE3A,3A2023044
ECE3A,3A2021045
ECE3A,3A2022046
ECE3A,3A2023047
ECE3A,3A2021048
ECE3A,3A2022049
ECE3A,3A2023050
ECE3A,3A2021051
ECE3A,3A2022052
ECE3A,3A2023053
ECE3A,3A2021054
ECE3A,3A2022055
ECE3A,3A2023056
ECE3A,3A2021057
ECE3A,3A2022058
ECE3A,3A2023059
ECE3A,3A2021060
ECE3A,3A2022061
ECE3A,3A2023062
ECE3A,3A2021063
ECE3A,3A2022064
ECE3A,3A2023065
ECE3A,3A2021066
ECE3A,3A2022067
ECE3A,3A2023068
ECE3A,3A2021069
ECE3A,3A2022070
ECE3A,3A2023071
ECE3A,3A2021072
ECE3A,3A2022073
ECE3A,3A2023074
ECE3A,3A2021075
ECE3A,3A2022076
ECE3A,3A2023077
ECE3A,3A2021078
ECE3A,3A2022079
ECE3A,3A2023080
ECE3A,3A2021081
ECE3A,3A2022082
ECE3A,3A2023083
ECE3A,3A2021084
ECE3A,3A2022085
ECE3A,3A2023086
ECE3A,3A2021087
ECE3A,3A2022088
ECE3A,3A2023089
ECE3A,3A2021090
ECE3A,3A2022091
ECE3A,3A2023092
ECE3A,3A2021093
ECE3A,3A2022094
ECE3A,3A2023095
ECE3A,3A2021096
ECE3A,3A2022097
ECE3A,3A2023098
ECE3A,3A2021099
ECE3B,3B2022001
ECE3B,3B2023002
ECE3B,3B2021003
ECE3B,3B2022004
ECE3B,3B2023005
